{
    "Autofill Profile": [
        {
            "address_home_state_status": "USER_VERIFIED",
            "address_home_country_status": "USER_VERIFIED",
            "address_home_country": "IT",
            "name_honorific_status": ["VERIFICATION_STATUS_UNSPECIFIED"],
            "address_home_apt_num": "",
            "name_first_status": ["PARSED"],
            "address_home_thoroughfare_number": "1",
            "address_home_zip_status": "USER_VERIFIED",
            "name_middle_status": ["PARSED"],
            "address_home_zip": "43123",
            "name_full_with_honorific_status": ["VERIFICATION_STATUS_UNSPECIFIED"],
            "address_home_street_address": "Piazza Occorsio 1",
            "name_full_with_honorific": ["Benison matondo simao"],
            "address_home_dependent_thoroughfare_name_status": "VERIFICATION_STATUS_UNSPECIFIED",
            "name_last_first": [""],
            "address_home_language_code": "",
            "address_home_city_status": "USER_VERIFIED",
            "address_home_floor": "",
            "name_last_conjunction": [""],
            "name_last_first_status": ["PARSED"],
            "name_middle": ["matondo"],
            "company_name": "",
            "name_last_status": ["PARSED"],
            "guid": "19eba594-3cae-48c2-b555-44c85574abaf",
            "address_home_dependent_thoroughfare_name": "",
            "address_home_dependent_locality_status": "USER_VERIFIED",
            "address_home_apt_num_status": "VERIFICATION_STATUS_UNSPECIFIED",
            "disallow_settings_visible_updates": false,
            "address_home_city": "parma",
            "name_full": ["Benison matondo simao"],
            "name_full_status": ["USER_VERIFIED"],
            "origin": "Chrome settings",
            "name_last_second_status": ["PARSED"],
            "address_home_subpremise_name_status": "FORMATTED",
            "name_last": ["simao"],
            "use_count": 173,
            "address_home_thoroughfare_name": "Piazza Occorsio",
            "address_home_thoroughfare_number_status": "PARSED",
            "address_home_premise_name_status": "PARSED",
            "name_last_second": ["simao"],
            "address_home_premise_name": "",
            "address_home_line1": "Piazza Occorsio 1",
            "address_home_line2": "",
            "address_home_street_address_status": "USER_VERIFIED",
            "name_first": ["benison"],
            "address_home_sorting_code": "",
            "name_honorific": [""],
            "name_last_conjunction_status": ["PARSED"],
            "address_home_state": "PR",
            "address_home_dependent_locality": "",
            "address_home_sorting_code_status": "USER_VERIFIED",
            "address_home_subpremise_name": "",
            "email_address": ["simaobenison@gmail.com"],
            "address_home_thoroughfare_name_status": "PARSED",
            "address_home_floor_status": "VERIFICATION_STATUS_UNSPECIFIED",
            "phone_home_whole_number": ["351 023 7232"],
            "use_date": 1649147554
}
    ]
}