{
    "Search Engines": [
        {
            "suggestions_url": "",
            "favicon_url": "https://www.google.com/images/branding/product/ico/maps15_bnuw3a_32dp.ico",
            "safe_for_autoreplace": true,
            "is_active": "ACTIVE_STATUS_UNSPECIFIED",
            "date_created": 13293133107318879,
            "url": "https://www.google.com/maps/search/{searchTerms}?hl=pt-PT&source=opensearch",
            "new_tab_url": "",
            "originating_url": "https://www.google.com/maps/preview/opensearch.xml?hl=pt-PT",
            "sync_guid": "311c4fa1-c9cc-4b7b-a361-6d512b23207e",
            "short_name": "Google Maps",
            "keyword": "maps.google.com",
            "input_encodings": "",
            "prepopulate_id": 0,
            "last_modified": 13293133107318879
},
        {
            "suggestions_url": "",
            "favicon_url": "https://www.youtube.com/s/desktop/fc7b0168/img/favicon_32x32.png",
            "safe_for_autoreplace": true,
            "is_active": "ACTIVE_STATUS_UNSPECIFIED",
            "date_created": 13292449451171043,
            "url": "https://www.youtube.com/results?search_query={searchTerms}&page={startPage?}&utm_source=opensearch",
            "new_tab_url": "",
            "originating_url": "https://www.youtube.com/opensearch?locale=pt_BR",
            "sync_guid": "045bcff9-f435-4a1c-aad3-659aa61253d7",
            "short_name": "YouTube",
            "keyword": "youtube.com",
            "input_encodings": "",
            "prepopulate_id": 0,
            "last_modified": 13292449451171043
},
        {
            "suggestions_url": "",
            "favicon_url": "",
            "safe_for_autoreplace": true,
            "is_active": "ACTIVE_STATUS_UNSPECIFIED",
            "date_created": 13292972635464146,
            "url": "https://drive.google.com/drive/search?q={searchTerms}",
            "new_tab_url": "",
            "originating_url": "https://drive.google.com/opensearch.xml",
            "sync_guid": "71810b21-b29b-496c-8004-ba9b8a294b6f",
            "short_name": "Google Drive",
            "keyword": "drive.google.com",
            "input_encodings": "UTF-8",
            "prepopulate_id": 0,
            "last_modified": 13292972635464147
},
        {
            "suggestions_url": "https://www.bing.com/osjson.aspx?query={searchTerms}&language={language}&PC=U316",
            "image_url_post_params": "imageBin={google:imageThumbnailBase64}",
            "favicon_url": "https://www.bing.com/sa/simg/bing_p_rr_teal_min.ico",
            "safe_for_autoreplace": true,
            "is_active": "ACTIVE_STATUS_UNSPECIFIED",
            "date_created": 0,
            "image_url": "https://www.bing.com/images/detail/search?iss=sbiupload&FORM=CHROMI#enterInsights",
            "url": "https://www.bing.com/search?q={searchTerms}&PC=U316&FORM=CHROMN",
            "new_tab_url": "https://www.bing.com/chrome/newtab",
            "originating_url": "",
            "sync_guid": "dd8a501e-3435-4580-bd76-3d35eb79bfe6",
            "short_name": "Bing",
            "keyword": "bing.com",
            "input_encodings": "UTF-8",
            "prepopulate_id": 3,
            "last_modified": 13296222821335602
},
        {
            "suggestions_url": "{google:baseSuggestURL}search?{google:searchFieldtrialParameter}client={google:suggestClient}&gs_ri={google:suggestRid}&xssi=t&q={searchTerms}&{google:inputType}{google:omniboxFocusType}{google:cursorPosition}{google:currentPageUrl}{google:pageClassification}{google:clientCacheTimeToLive}{google:searchVersion}{google:sessionToken}{google:prefetchQuery}sugkey={google:suggestAPIKeyParameter}",
            "image_url_post_params": "encoded_image={google:imageThumbnail},image_url={google:imageURL},sbisrc={google:imageSearchSource},original_width={google:imageOriginalWidth},original_height={google:imageOriginalHeight}",
            "favicon_url": "https://www.google.com/favicon.ico",
            "safe_for_autoreplace": true,
            "is_active": "ACTIVE_STATUS_UNSPECIFIED",
            "date_created": 0,
            "image_url": "{google:baseSearchByImageURL}upload",
            "url": "{google:baseURL}search?q={searchTerms}&{google:RLZ}{google:originalQueryForSuggestion}{google:assistedQueryStats}{google:searchboxStats}{google:searchFieldtrialParameter}{google:iOSSearchLanguage}{google:prefetchSource}{google:searchClient}{google:sourceId}{google:contextualSearchVersion}ie={inputEncoding}",
            "new_tab_url": "",
            "originating_url": "",
            "sync_guid": "a3dec63c-1950-47be-a0e9-a863942dc621",
            "short_name": "Google",
            "keyword": "google.com",
            "input_encodings": "UTF-8",
            "alternate_urls": [
                        "{google:baseURL}#q={searchTerms}",
                        "{google:baseURL}search#q={searchTerms}",
                        "{google:baseURL}webhp#q={searchTerms}",
                        "{google:baseURL}s#q={searchTerms}",
                        "{google:baseURL}s?q={searchTerms}"
            ],
            "prepopulate_id": 1,
            "last_modified": 0
},
        {
            "suggestions_url": "",
            "favicon_url": "https://ssl.gstatic.com/translate/favicon.ico",
            "safe_for_autoreplace": true,
            "is_active": "ACTIVE_STATUS_UNSPECIFIED",
            "date_created": 13293725285834486,
            "url": "https://translate.google.it/?source=osdd&sl=auto&tl=auto&text={searchTerms}&op=translate",
            "new_tab_url": "",
            "originating_url": "https://translate.google.it/opensearch.xml?hl=pt_BR",
            "sync_guid": "9ce03878-56ef-49a3-b54a-fca0f21c79bf",
            "short_name": "Google Tradutor",
            "keyword": "translate.google.it",
            "input_encodings": "",
            "prepopulate_id": 0,
            "last_modified": 13293725285834486
},
        {
            "suggestions_url": "",
            "favicon_url": "https://www.youtube.com/s/desktop/fc7b0168/img/favicon_32x32.png",
            "safe_for_autoreplace": true,
            "is_active": "ACTIVE_STATUS_UNSPECIFIED",
            "date_created": 13293799116337121,
            "url": "https://www.youtube.com/results?search_query={searchTerms}&page={startPage?}&utm_source=opensearch",
            "new_tab_url": "",
            "originating_url": "https://www.youtube.com/opensearch?locale=pt_BR",
            "sync_guid": "542f8bb7-65b9-404f-b3f1-561c9588ad4f",
            "short_name": "YouTube",
            "keyword": "youtube.nl",
            "input_encodings": "",
            "prepopulate_id": 0,
            "last_modified": 13293799116337121
},
        {
            "suggestions_url": "",
            "favicon_url": "https://github.com/favicon.ico",
            "safe_for_autoreplace": true,
            "is_active": "ACTIVE_STATUS_UNSPECIFIED",
            "date_created": 13294336721275229,
            "url": "https://github.com/search?q={searchTerms}&ref=opensearch",
            "new_tab_url": "",
            "originating_url": "https://github.com/opensearch.xml",
            "sync_guid": "cff16c4b-0f0d-4997-baf1-30fec7dbf93d",
            "short_name": "GitHub",
            "keyword": "github.com",
            "input_encodings": "UTF-8",
            "prepopulate_id": 0,
            "last_modified": 13294336721275229
},
        {
            "suggestions_url": "",
            "favicon_url": "https://www.youtube.com/s/desktop/fc7b0168/img/favicon_32x32.png",
            "safe_for_autoreplace": true,
            "is_active": "ACTIVE_STATUS_UNSPECIFIED",
            "date_created": 13294867077723137,
            "url": "https://www.youtube.com/results?search_query={searchTerms}&page={startPage?}&utm_source=opensearch",
            "new_tab_url": "",
            "originating_url": "https://www.youtube.com/opensearch?locale=pt_BR",
            "sync_guid": "79deab56-8900-492f-9bf2-eddd1ba123fb",
            "short_name": "YouTube",
            "keyword": "youtube.it",
            "input_encodings": "",
            "prepopulate_id": 0,
            "last_modified": 13294867077723137
},
        {
            "suggestions_url": "https://search.yahoo.com/sugg/chrome?output=fxjson&appid=crmas_sfp&command={searchTerms}",
            "favicon_url": "https://search.yahoo.com/favicon.ico",
            "safe_for_autoreplace": true,
            "is_active": "ACTIVE_STATUS_UNSPECIFIED",
            "date_created": 0,
            "url": "https://search.yahoo.com/search{google:pathWildcard}?ei={inputEncoding}&fr=crmas_sfp&p={searchTerms}",
            "new_tab_url": "https://search.yahoo.com?fr=crmas_sfp",
            "originating_url": "",
            "sync_guid": "a831060f-3a34-411f-a3c1-98a490842bd6",
            "short_name": "Yahoo!",
            "keyword": "yahoo.com",
            "input_encodings": "UTF-8",
            "prepopulate_id": 2,
            "last_modified": 13296222821335604
},
        {
            "suggestions_url": "https://ac.ecosia.org/autocomplete?q={searchTerms}&type=list",
            "favicon_url": "https://cdn.ecosia.org/assets/images/ico/favicon.ico",
            "safe_for_autoreplace": true,
            "is_active": "ACTIVE_STATUS_UNSPECIFIED",
            "date_created": 0,
            "url": "https://www.ecosia.org/search?q={searchTerms}&addon=opensearch",
            "new_tab_url": "",
            "originating_url": "",
            "sync_guid": "485bf7d3-0215-45af-87dc-538868000101",
            "short_name": "Ecosia",
            "keyword": "ecosia.org",
            "input_encodings": "UTF-8",
            "prepopulate_id": 101,
            "last_modified": 13296222821335605
},
        {
            "suggestions_url": "https://duckduckgo.com/ac/?q={searchTerms}&type=list",
            "favicon_url": "https://duckduckgo.com/favicon.ico",
            "safe_for_autoreplace": true,
            "is_active": "ACTIVE_STATUS_UNSPECIFIED",
            "date_created": 0,
            "url": "https://duckduckgo.com/?q={searchTerms}",
            "new_tab_url": "https://duckduckgo.com/chrome_newtab",
            "originating_url": "",
            "sync_guid": "674fccbe-ff6f-4aa3-b4c9-c2f09f8ef154",
            "short_name": "DuckDuckGo",
            "keyword": "duckduckgo.com",
            "input_encodings": "UTF-8",
            "prepopulate_id": 92,
            "last_modified": 13296222821335605
},
        {
            "suggestions_url": "",
            "favicon_url": "https://ssl.gstatic.com/translate/favicon.ico",
            "safe_for_autoreplace": true,
            "is_active": "ACTIVE_STATUS_UNSPECIFIED",
            "date_created": 13292539189868737,
            "url": "https://translate.google.com/?source=osdd&sl=auto&tl=auto&text={searchTerms}&op=translate",
            "new_tab_url": "",
            "originating_url": "https://translate.google.com/opensearch.xml?hl=pt_BR",
            "sync_guid": "37afd5ee-3f8d-4ec3-b99e-e53b6637517c",
            "short_name": "Google Tradutor",
            "keyword": "translate.google.com",
            "input_encodings": "",
            "prepopulate_id": 0,
            "last_modified": 13292539189868737
}
    ]
}