Device Type,Brand Name,Marketing Name,OS,OS Version,Device Model,User Given Name,Device Last Location,Gaia ID
MOBILE,Huawei,Honor 8X,Android,10,JSN-L21,,"Country ISO: IT
Last Activity Time: 2022-05-02 03:10:45 UTC",755417482409
MOBILE,Apple,iPhone,iOS,15.4,iPhone,,"Country ISO: IT
Last Activity Time: 2022-04-14 08:16:58 UTC",755417482409
PC,,,Mac,10.15.7,,,"Country ISO: IT
Last Activity Time: 2022-05-01 22:24:52 UTC",755417482409
PC,,,Windows,10.0,,,"Country ISO: IT
Last Activity Time: 2022-04-26 11:58:41 UTC",755417482409
