{
  "timelineObjects": [{
    "placeVisit": {
      "location": {
        "latitudeE7": 448102688,
        "longitudeE7": 103285901,
        "placeId": "ChIJG38_YOxqgEcR_m20UuN55oI",
        "address": "Piazza Carlo Alberto Dalla Chiesa, 11\n43121 Parma PR\nItalia",
        "name": "Parma",
        "sourceInfo": {
          "deviceTag": -163734352
        },
        "locationConfidence": 48.09568,
        "calibratedProbability": 21.765066,
        "isCurrentLocation": true
      },
      "duration": {
        "startTimestamp": "2020-04-28T16:48:58.650Z",
        "endTimestamp": "2020-04-28T17:05:04.077Z"
      },
      "placeConfidence": "LOW_CONFIDENCE",
      "centerLatE7": 448100001,
      "centerLngE7": 103284624,
      "visitConfidence": 76,
      "otherCandidateLocations": [{
        "latitudeE7": 448101200,
        "longitudeE7": 103283370,
        "placeId": "ChIJX9uqZ-xqgEcR3wo1hP46hBw",
        "address": "43122 Parma PR\nItalia",
        "name": "Parma Stazione",
        "locationConfidence": 23.586004,
        "calibratedProbability": 10.673536,
        "isCurrentLocation": true
      }, {
        "latitudeE7": 448102801,
        "longitudeE7": 103285522,
        "placeId": "ChIJ287kZuxqgEcRyfSzBMW-1Pc",
        "address": "43122 Parma PR\nItalia",
        "name": "Parma",
        "locationConfidence": 9.6476,
        "calibratedProbability": 4.365895,
        "isCurrentLocation": true
      }, {
        "latitudeE7": 448100730,
        "longitudeE7": 103286000,
        "placeId": "ChIJ-3x9ROxqgEcRVf7TmYMn4lw",
        "address": "43122 Parma PR\nItalia",
        "name": "Parma Stazione Fs",
        "locationConfidence": 7.278354,
        "calibratedProbability": 3.2937233,
        "isCurrentLocation": true
      }, {
        "latitudeE7": 448107145,
        "longitudeE7": 103287614,
        "placeId": "ChIJ7c10juxqgEcR4ILxCAhAxOU",
        "address": "43122 Parma PR\nItalia",
        "name": "Stazione Parma Piano _1",
        "locationConfidence": 5.787256,
        "calibratedProbability": 2.6189466,
        "isCurrentLocation": true
      }, {
        "latitudeE7": 448087390,
        "longitudeE7": 103279830,
        "placeId": "ChIJ1UY1EexqgEcRicN4CzZ3cF8",
        "address": "43121 Parma PR\nItalia",
        "name": "Parma - Stazione Fs",
        "locationConfidence": 3.084824,
        "calibratedProbability": 1.3959966
      }, {
        "latitudeE7": 448094990,
        "longitudeE7": 103273550,
        "placeId": "ChIJvwnhRexqgEcRQgBJbz5_Eek",
        "address": "Via Antonio Cecchi, 3\n43121 Parma PR\nItalia",
        "name": "InformaStranieri - Comune di Parma",
        "locationConfidence": 0.757226,
        "calibratedProbability": 0.34267268
      }, {
        "latitudeE7": 448102720,
        "longitudeE7": 103286740,
        "placeId": "ChIJtWr5iexqgEcRMOLjWjU-hX0",
        "address": "43122 Parma PR\nItalia",
        "name": "Parma Stazione",
        "locationConfidence": 0.5414604,
        "calibratedProbability": 0.24503078,
        "isCurrentLocation": true
      }, {
        "latitudeE7": 448098769,
        "longitudeE7": 103288644,
        "placeId": "ChIJVVDnaOxqgEcRmZ85fZMH2iA",
        "address": "Piazza Carlo Alberto Dalla Chiesa, 11b\n43121 Parma PR\nItalia",
        "name": "Gastronomia Turtlen",
        "locationConfidence": 0.482876,
        "calibratedProbability": 0.21851918,
        "isCurrentLocation": true
      }],
      "editConfirmationStatus": "NOT_CONFIRMED",
      "locationConfidence": 39,
      "placeVisitType": "SINGLE_PLACE",
      "placeVisitImportance": "MAIN"
    }
  }, {
    "activitySegment": {
      "startLocation": {
        "latitudeE7": 448078420,
        "longitudeE7": 103266850,
        "sourceInfo": {
          "deviceTag": -163734352
        }
      },
      "endLocation": {
        "latitudeE7": 447478355,
        "longitudeE7": 102023076,
        "sourceInfo": {
          "deviceTag": -163734352
        }
      },
      "duration": {
        "startTimestamp": "2020-04-28T17:05:04.077Z",
        "endTimestamp": "2020-04-28T17:38:09.216Z"
      },
      "distance": 13086,
      "activityType": "IN_BUS",
      "confidence": "HIGH",
      "activities": [{
        "activityType": "IN_BUS",
        "probability": 82.35355615615845
      }, {
        "activityType": "WALKING",
        "probability": 9.049467742443085
      }, {
        "activityType": "IN_PASSENGER_VEHICLE",
        "probability": 5.713892728090286
      }, {
        "activityType": "STILL",
        "probability": 1.5885177999734879
      }, {
        "activityType": "CYCLING",
        "probability": 0.4512821324169636
      }, {
        "activityType": "IN_TRAIN",
        "probability": 0.3689608070999384
      }, {
        "activityType": "IN_SUBWAY",
        "probability": 0.23312270641326904
      }, {
        "activityType": "MOTORCYCLING",
        "probability": 0.11435281485319138
      }, {
        "activityType": "IN_TRAM",
        "probability": 0.05289120599627495
      }, {
        "activityType": "RUNNING",
        "probability": 0.05021453835070133
      }, {
        "activityType": "FLYING",
        "probability": 0.015300477389246225
      }, {
        "activityType": "IN_VEHICLE",
        "probability": 0.004149284359300509
      }, {
        "activityType": "IN_FERRY",
        "probability": 0.0040853716200217605
      }, {
        "activityType": "SKIING",
        "probability": 2.0443912944756448E-4
      }, {
        "activityType": "SAILING",
        "probability": 1.0097039648826467E-5
      }],
      "transitPath": {
        "transitStops": [{
          "latitudeE7": 448078420,
          "longitudeE7": 103266850,
          "placeId": "ChIJW3OznO5qgEcR_Z7SzLs-fb4",
          "address": "43121 Parma PR\nItalia",
          "name": "Viale Toschi Via Bettoli"
        }, {
          "latitudeE7": 447473502,
          "longitudeE7": 102062288,
          "placeId": "ChIJpTC6vudugEcRhp1l9f1YDdo",
          "address": "43044 Collecchio PR\nItalia",
          "name": "Collecchio Conventino"
        }],
        "name": "6",
        "hexRgbColor": "000000",
        "linePlaceId": "ChIJ-fD7sv1ogEcRqh6FbMYJrxA",
        "source": "INFERRED",
        "confidence": 0.0,
        "distanceMeters": 13086.0
      },
      "simplifiedRawPath": {
        "points": [{
          "latE7": 448104624,
          "lngE7": 103287422,
          "accuracyMeters": 52,
          "timestamp": "2020-04-28T17:05:04.077Z"
        }, {
          "latE7": 447967469,
          "lngE7": 103188459,
          "accuracyMeters": 150,
          "timestamp": "2020-04-28T17:10:50.774Z"
        }, {
          "latE7": 447635644,
          "lngE7": 102479752,
          "accuracyMeters": 150,
          "timestamp": "2020-04-28T17:23:26.005Z"
        }, {
          "latE7": 447540435,
          "lngE7": 102204250,
          "accuracyMeters": 150,
          "timestamp": "2020-04-28T17:27:34.851Z"
        }, {
          "latE7": 447477757,
          "lngE7": 102062680,
          "accuracyMeters": 157,
          "timestamp": "2020-04-28T17:31:43.992Z"
        }, {
          "latE7": 447482867,
          "lngE7": 102048295,
          "accuracyMeters": 150,
          "timestamp": "2020-04-28T17:33:48.916Z"
        }],
        "source": "INFERRED",
        "distanceMeters": 12738.7762606912
      }
    }
  }, {
    "placeVisit": {
      "location": {
        "latitudeE7": 447477303,
        "longitudeE7": 102021551,
        "placeId": "ChIJbZrGNudugEcRMAy8b2zEugA",
        "address": "Via 8 Marzo, 75, 43044 Collecchio, Provincia di Parma, Italia",
        "name": "Via 8 Marzo, 75",
        "sourceInfo": {
          "deviceTag": -163734352
        },
        "locationConfidence": 73.22471,
        "calibratedProbability": 59.634327
      },
      "duration": {
        "startTimestamp": "2020-04-28T17:38:09.216Z",
        "endTimestamp": "2020-04-29T05:35:45.691Z"
      },
      "placeConfidence": "HIGH_CONFIDENCE",
      "centerLatE7": 447477313,
      "centerLngE7": 102021393,
      "visitConfidence": 93,
      "otherCandidateLocations": [{
        "latitudeE7": 447476217,
        "longitudeE7": 102022373,
        "placeId": "ChIJ22aINOdugEcRQJhgdN1lMxY",
        "address": "Via 8 Marzo, 77\n43044 Collecchio PR\nItalia",
        "name": "Autofficina Lori",
        "locationConfidence": 24.36637,
        "calibratedProbability": 19.844013
      }, {
        "latitudeE7": 447485647,
        "longitudeE7": 102052604,
        "placeId": "ChIJsz9rgOdugEcR6eG8GrE0hwc",
        "address": "43044 Collecchio PR\nItalia",
        "name": "Collecchio Via Otto Marzo",
        "locationConfidence": 0.9630105,
        "calibratedProbability": 0.7842774
      }, {
        "latitudeE7": 447468030,
        "longitudeE7": 102054612,
        "placeId": "ChIJQRMPsudugEcR-VznVUL8cmY",
        "address": "43044 Collecchio PR\nItalia",
        "name": "Collecchio Conventino",
        "locationConfidence": 0.40756252,
        "calibratedProbability": 0.3319196
      }, {
        "latitudeE7": 447478363,
        "longitudeE7": 102031202,
        "placeId": "ChIJKctoR-dugEcR3xaPqqLuDUI",
        "address": "Via 8 Marzo, 41\n43044 Collecchio PR\nItalia",
        "name": "Parcheggio Alpini",
        "locationConfidence": 0.40673742,
        "calibratedProbability": 0.33124766
      }],
      "editConfirmationStatus": "NOT_CONFIRMED",
      "locationConfidence": 59,
      "placeVisitType": "SINGLE_PLACE",
      "placeVisitImportance": "MAIN"
    }
  }, {
    "activitySegment": {
      "startLocation": {
        "latitudeE7": 447478617,
        "longitudeE7": 102020871,
        "sourceInfo": {
          "deviceTag": -163734352
        }
      },
      "endLocation": {
        "latitudeE7": 447513269,
        "longitudeE7": 101752113,
        "sourceInfo": {
          "deviceTag": -163734352
        }
      },
      "duration": {
        "startTimestamp": "2020-04-29T05:35:45.691Z",
        "endTimestamp": "2020-04-29T05:44:26.134Z"
      },
      "distance": 2651,
      "activityType": "IN_PASSENGER_VEHICLE",
      "confidence": "HIGH",
      "activities": [{
        "activityType": "IN_PASSENGER_VEHICLE",
        "probability": 89.63244557380676
      }, {
        "activityType": "WALKING",
        "probability": 3.6395639181137085
      }, {
        "activityType": "MOTORCYCLING",
        "probability": 2.5733545422554016
      }, {
        "activityType": "CYCLING",
        "probability": 1.8360210582613945
      }, {
        "activityType": "STILL",
        "probability": 1.5143719501793385
      }, {
        "activityType": "IN_BUS",
        "probability": 0.6899657193571329
      }, {
        "activityType": "RUNNING",
        "probability": 0.057844893308356404
      }, {
        "activityType": "IN_TRAIN",
        "probability": 0.018741493113338947
      }, {
        "activityType": "IN_FERRY",
        "probability": 0.015226972755044699
      }, {
        "activityType": "FLYING",
        "probability": 0.007096649642335251
      }, {
        "activityType": "IN_TRAM",
        "probability": 0.0055476997658843175
      }, {
        "activityType": "SKIING",
        "probability": 0.0055061460443539545
      }, {
        "activityType": "IN_SUBWAY",
        "probability": 0.0029989720133016817
      }, {
        "activityType": "SAILING",
        "probability": 0.001180892559204949
      }, {
        "activityType": "IN_VEHICLE",
        "probability": 1.335638330601796E-4
      }],
      "waypointPath": {
        "waypoints": [{
          "latE7": 447477912,
          "lngE7": 102020072
        }, {
          "latE7": 447586364,
          "lngE7": 102040185
        }, {
          "latE7": 447551956,
          "lngE7": 101751565
        }],
        "source": "INFERRED",
        "roadSegment": [{
          "placeId": "ChIJGdrbyuBugEcRSNL7hBvpylA"
        }, {
          "placeId": "ChIJH11maedugEcRk8lW41mx_X0"
        }, {
          "placeId": "ChIJAXdRmudugEcR3ifBogfr938"
        }, {
          "placeId": "ChIJl23elOdugEcRLLumlwQWCGI"
        }, {
          "placeId": "ChIJ4VLe6OdugEcRLvvO2oc1xxQ"
        }, {
          "placeId": "ChIJ5Xjn5OdugEcRSyDOwA45GjU"
        }, {
          "placeId": "ChIJo_IK--dugEcR7oa5vG1tPpw"
        }, {
          "placeId": "ChIJc7ArVN1ugEcR5KTK1zvxJCU"
        }, {
          "placeId": "ChIJI94GTd1ugEcReV8YjHLHzXk"
        }, {
          "placeId": "ChIJvV5wNd1ugEcRC-j3e9OEhbo"
        }, {
          "placeId": "ChIJKyQXK91ugEcR1yPi1MVeY9A"
        }, {
          "placeId": "ChIJM5PB0txugEcR7GkzN77qNh0"
        }, {
          "placeId": "ChIJhTjfzNxugEcRef4dngj9CtQ"
        }, {
          "placeId": "ChIJ1ZVIs9xugEcRQKRNcPEdxBs"
        }, {
          "placeId": "ChIJvSvoqdxugEcRrSHRSsjvnMc"
        }, {
          "placeId": "ChIJA1PkX9tugEcRBoSwhu74hxc"
        }, {
          "placeId": "ChIJ711JidtugEcR4fICBNDPql0"
        }, {
          "placeId": "ChIJoSwwV9lugEcRQxdzWtcfVYk"
        }, {
          "placeId": "ChIJt6l1T9lugEcR-abrtYGXg0o"
        }, {
          "placeId": "ChIJ63OGN9lugEcRu_3tbyEUr8E"
        }, {
          "placeId": "ChIJt2cAOtlugEcRXbGQ1_XqdgQ"
        }, {
          "placeId": "ChIJyYEtN9lugEcR4nOGnXspH8c"
        }, {
          "placeId": "ChIJuRRxK9lugEcR9RigPJU_t2g"
        }, {
          "placeId": "ChIJC9JE0NhugEcRoXDgLmsdRF4"
        }, {
          "placeId": "ChIJo7MD29hugEcRDEycUxMYLak"
        }, {
          "placeId": "ChIJScep3dhugEcRdqXT9L7NKfE"
        }, {
          "placeId": "ChIJIwxq5NhugEcRWJAyiCo_Ai8"
        }, {
          "placeId": "ChIJ4_ww_9hugEcRfE9D2KUcSaQ"
        }, {
          "placeId": "ChIJ5_pVtdlugEcR34lJB5_Car8"
        }, {
          "placeId": "ChIJMfFW1NlugEcRlLp1mTxiHCs"
        }, {
          "placeId": "ChIJ6WxQftdugEcR90EibVnxjIo"
        }, {
          "placeId": "ChIJs92bfNdugEcRLfsfRVnTjUI"
        }, {
          "placeId": "ChIJ2WvxZNdugEcReXEJcVO18eI"
        }, {
          "placeId": "ChIJBatCb9dugEcRm5lHCVlXY6s"
        }, {
          "placeId": "ChIJTZd4btdugEcRewvFQTBKW9o"
        }, {
          "placeId": "ChIJlXbmdNdugEcR3Wz2V4-2VMU"
        }, {
          "placeId": "ChIJhdwtmtdugEcRrkjfHt1EB0A"
        }, {
          "placeId": "ChIJVclUPC5vgEcREuTTk5iSuYQ"
        }, {
          "placeId": "ChIJx9hwT0pvgEcRxIMQh3mvpiA"
        }, {
          "placeId": "ChIJmyownEtvgEcR8Yp4XZifwXU"
        }, {
          "placeId": "ChIJ_8tx5kxvgEcRJPP3wVlJml8"
        }, {
          "placeId": "ChIJ_8tx5kxvgEcRD7HQfANzZJk"
        }, {
          "placeId": "ChIJkb1yUU1vgEcR6MJS4Y9SvVA"
        }, {
          "placeId": "ChIJCzarVk1vgEcRWm-RtDLxnvo"
        }, {
          "placeId": "ChIJJ9t4VE1vgEcRZ2YTrEx6iKY"
        }, {
          "placeId": "ChIJjRxNq7JogEcRhTnCFMNANXQ"
        }, {
          "placeId": "ChIJhYBYVa1ogEcR5nXfgcNbE5E"
        }, {
          "placeId": "ChIJlSXGVK1ogEcRkB2U4fxznJg"
        }, {
          "placeId": "ChIJi6O5q1JvgEcRqTe9rS1zAh8"
        }, {
          "placeId": "ChIJ4VnTqVJvgEcRpzr-i6SeAfc"
        }, {
          "placeId": "ChIJjbHbm1JvgEcROQgtfX1bcMc"
        }, {
          "placeId": "ChIJZRXYZ1JvgEcR7ZkEf-jebro"
        }, {
          "placeId": "ChIJ_ULqOVJvgEcRigulWZV_oAo"
        }, {
          "placeId": "ChIJv_QQa1FvgEcR4ZnVLrHDWXg"
        }, {
          "placeId": "ChIJy1eW1FBvgEcRe-_3nlA1Qb4"
        }, {
          "placeId": "ChIJtTbvMVdvgEcRUV-JPhCeWAg"
        }, {
          "placeId": "ChIJpSBLOldvgEcRRLianIz10QU"
        }, {
          "placeId": "ChIJpXTBEldvgEcRmizEwKam4dU"
        }, {
          "placeId": "ChIJnQjMkFdvgEcRp6BBOAlvxaQ"
        }, {
          "placeId": "ChIJz-by7VdvgEcREkwfdb7p8aM"
        }, {
          "placeId": "ChIJefB68VdvgEcRF8tv7FU2OTQ"
        }, {
          "placeId": "ChIJj8JN0fdlgEcRaSRfGZ9QODI"
        }, {
          "placeId": "ChIJef3RxfVlgEcR1kXRTrBtyyA"
        }, {
          "placeId": "ChIJ0Q8vdF9vgEcRkOD5E6kPNOM"
        }, {
          "placeId": "ChIJXYC9w11vgEcRQLe8KYpa8_w"
        }, {
          "placeId": "ChIJgX1vAmhvgEcR1LxeQ-OMTuM"
        }, {
          "placeId": "ChIJHXGUzGlvgEcRIfMWRrTtRm4"
        }, {
          "placeId": "ChIJF91ik2lvgEcRQWoZYFszPZo"
        }, {
          "placeId": "ChIJKysdH0JvgEcRTRLILnGz3as"
        }, {
          "placeId": "ChIJxwnXIEFvgEcR9ow7ylvq8WE"
        }],
        "distanceMeters": 10696.176425591675,
        "travelMode": "DRIVE",
        "confidence": 1.0
      },
      "parkingEvent": {
        "location": {
          "latitudeE7": 447276232,
          "longitudeE7": 101799591,
          "accuracyMetres": 92
        },
        "method": "END_OF_ACTIVITY_SEGMENT",
        "locationSource": "UNKNOWN",
        "timestamp": "2020-04-29T05:53:31.085Z"
      }
    }
  }, {
    "placeVisit": {
      "location": {
        "latitudeE7": 447244619,
        "longitudeE7": 101768672,
        "placeId": "ChIJsy3cma9vgEcRxGsWSEuTcYg",
        "address": "Via Cugini, 1\n43044 Gaiano PR\nItalia",
        "name": "Via Cugini, 1",
        "sourceInfo": {
          "deviceTag": -163734352
        },
        "locationConfidence": 59.962673,
        "calibratedProbability": 41.85986
      },
      "duration": {
        "startTimestamp": "2020-04-29T05:44:26.134Z",
        "endTimestamp": "2020-04-29T15:07:55.490Z"
      },
      "placeConfidence": "MEDIUM_CONFIDENCE",
      "centerLatE7": 447246625,
      "centerLngE7": 101768792,
      "visitConfidence": 88,
      "otherCandidateLocations": [{
        "latitudeE7": 447245390,
        "longitudeE7": 101770150,
        "placeId": "ChIJRWuCja9vgEcRThY8a7SRwxE",
        "address": "Via Cugini, 7\n43044 Gaiano PR\nItalia",
        "name": "Via Cugini, 7",
        "locationConfidence": 26.567009,
        "calibratedProbability": 18.546392
      }, {
        "latitudeE7": 447244130,
        "longitudeE7": 101769390,
        "placeId": "ChIJTy9Mja9vgEcR1rtFlQU-Vi0",
        "address": "Via Cugini, 11\n43044 Gaiano PR\nItalia",
        "name": "Via Cugini, 11",
        "locationConfidence": 8.147289,
        "calibratedProbability": 5.687611
      }, {
        "latitudeE7": 447240410,
        "longitudeE7": 101731910,
        "placeId": "ChIJSbHa16RvgEcR6nAO2VsmQTo",
        "address": "43044 Gaiano PR\nItalia",
        "name": "Gaiano",
        "locationConfidence": 2.326621,
        "calibratedProbability": 1.624211
      }, {
        "latitudeE7": 447239120,
        "longitudeE7": 101735250,
        "placeId": "ChIJpaE2KaVvgEcRXPxvSmgTPK0",
        "address": "43044 Gaiano PR\nItalia",
        "name": "Gaiano",
        "locationConfidence": 0.8171353,
        "calibratedProbability": 0.570441
      }, {
        "latitudeE7": 447236580,
        "longitudeE7": 101752580,
        "placeId": "ChIJ_25dO8dvgEcR97yNdsqy4P0",
        "address": "Strada Ripa, 55\n43044 Gaiano PR\nItalia",
        "name": "Salumificio CAVALLI MAURIZIO",
        "locationConfidence": 0.60867316,
        "calibratedProbability": 0.42491388
      }, {
        "latitudeE7": 447241588,
        "longitudeE7": 101742410,
        "placeId": "ChIJGymDOaVvgEcROknvJ6lDDa8",
        "address": "SS62\n43044 Gaiano PR\nItalia",
        "name": "Arci Gaiano Stile libero",
        "locationConfidence": 0.57912743,
        "calibratedProbability": 0.40428805
      }],
      "editConfirmationStatus": "NOT_CONFIRMED",
      "locationConfidence": 48,
      "placeVisitType": "SINGLE_PLACE",
      "placeVisitImportance": "MAIN"
    }
  }, {
    "activitySegment": {
      "startLocation": {
        "latitudeE7": 447246067,
        "longitudeE7": 101768226,
        "sourceInfo": {
          "deviceTag": -163734352
        }
      },
      "endLocation": {
        "latitudeE7": 447477733,
        "longitudeE7": 102021159,
        "sourceInfo": {
          "deviceTag": -163734352
        }
      },
      "duration": {
        "startTimestamp": "2020-04-29T15:07:55.490Z",
        "endTimestamp": "2020-04-29T15:20:35.010Z"
      },
      "distance": 3259,
      "activityType": "IN_PASSENGER_VEHICLE",
      "confidence": "HIGH",
      "activities": [{
        "activityType": "IN_PASSENGER_VEHICLE",
        "probability": 90.12574553489685
      }, {
        "activityType": "MOTORCYCLING",
        "probability": 5.254916846752167
      }, {
        "activityType": "WALKING",
        "probability": 2.9653672128915787
      }, {
        "activityType": "CYCLING",
        "probability": 0.8646867237985134
      }, {
        "activityType": "STILL",
        "probability": 0.46200575307011604
      }, {
        "activityType": "IN_BUS",
        "probability": 0.17254345584660769
      }, {
        "activityType": "RUNNING",
        "probability": 0.07397279841825366
      }, {
        "activityType": "IN_TRAIN",
        "probability": 0.042010354809463024
      }, {
        "activityType": "FLYING",
        "probability": 0.021712678426411003
      }, {
        "activityType": "IN_FERRY",
        "probability": 0.007751926750643179
      }, {
        "activityType": "IN_SUBWAY",
        "probability": 0.005351862637326121
      }, {
        "activityType": "SAILING",
        "probability": 0.0017956581359612755
      }, {
        "activityType": "SKIING",
        "probability": 0.0012222946679685265
      }, {
        "activityType": "IN_TRAM",
        "probability": 8.727909516892396E-4
      }, {
        "activityType": "IN_VEHICLE",
        "probability": 5.092385890748119E-5
      }],
      "waypointPath": {
        "waypoints": [{
          "latE7": 447247962,
          "lngE7": 101769504
        }, {
          "latE7": 447385292,
          "lngE7": 101907796
        }, {
          "latE7": 447477455,
          "lngE7": 102020845
        }],
        "source": "INFERRED",
        "roadSegment": [{
          "placeId": "ChIJ4RJ1jq9vgEcRTSgazbFN-bk"
        }, {
          "placeId": "ChIJjY115a9vgEcRmq4_0KTpKHw"
        }, {
          "placeId": "ChIJX4mU_a9vgEcRcN0aENLWTkg"
        }, {
          "placeId": "ChIJqY2rVaVvgEcRCyum4z_NQP8"
        }, {
          "placeId": "ChIJG0T7TaVvgEcRgxkBPi2pq3Q"
        }, {
          "placeId": "ChIJ92dASaVvgEcR1qWWF7T00dY"
        }, {
          "placeId": "ChIJkdAGRKVvgEcRJVHaoO6nz70"
        }, {
          "placeId": "ChIJqTMsb6VvgEcRi3tYwH-y-ZE"
        }, {
          "placeId": "ChIJNcWDL69vgEcRcJnkF1M5dSE"
        }, {
          "placeId": "ChIJzTaSKalvgEcRlOsPLpJIFBY"
        }, {
          "placeId": "ChIJ16kJGKlvgEcR1mz-Xz7neKg"
        }, {
          "placeId": "ChIJLbirlqlvgEcRmKDTIyg4qX8"
        }, {
          "placeId": "ChIJaX5hrQBvgEcRZ8mK49XQyhc"
        }, {
          "placeId": "ChIJCc-_xQBvgEcR--CYXJafW58"
        }, {
          "placeId": "ChIJt09jEwFvgEcRv6wXihQck_Q"
        }, {
          "placeId": "ChIJt09jEwFvgEcRPWGE7u2jLqo"
        }, {
          "placeId": "ChIJDwKe1gNvgEcRKmbREP3gEgA"
        }, {
          "placeId": "ChIJqeet0wNvgEcRadaIw08wSuw"
        }, {
          "placeId": "ChIJY6jbzANvgEcR5R7Wtwj9bVE"
        }, {
          "placeId": "ChIJLVq5SgJvgEcRJE8U42Dt8zA"
        }, {
          "placeId": "ChIJWd8YUgJvgEcR-ZNnfv8R0L0"
        }, {
          "placeId": "ChIJg1WZ8AJvgEcRNXBEgcE3MkY"
        }, {
          "placeId": "ChIJ3ZPd6QJvgEcRhIHjOPSj2k8"
        }, {
          "placeId": "ChIJu-OCwQJvgEcRe7W38YTCx6c"
        }, {
          "placeId": "ChIJzS1KwQJvgEcRp3qkpRQW1Jo"
        }, {
          "placeId": "ChIJx3v5xgJvgEcRWoXrDJ9ftcQ"
        }, {
          "placeId": "ChIJe0_KxwJvgEcRJk5o0Sv5EOI"
        }, {
          "placeId": "ChIJbYQHswJvgEcRpsV64c7Rhos"
        }, {
          "placeId": "ChIJ1czOVx1vgEcRAOv3a3DpDIc"
        }, {
          "placeId": "ChIJaXs0puJugEcRtMKF5jW27a8"
        }, {
          "placeId": "ChIJPctwo-JugEcRqVHJ5bhKp4g"
        }, {
          "placeId": "ChIJpThvlOJugEcRFgwVTi7PO3g"
        }, {
          "placeId": "ChIJM0KtrONugEcRwZOx9oUVIGE"
        }, {
          "placeId": "ChIJHaYf6uNugEcRQFFWmlQ3v6o"
        }, {
          "placeId": "ChIJt-TT6ONugEcRE59hLwEcq9U"
        }, {
          "placeId": "ChIJt1Nv7-NugEcRtyeWONk9_T8"
        }, {
          "placeId": "ChIJL5LX_-NugEcRzFM9ZdqIZE8"
        }, {
          "placeId": "ChIJmTEIsOZugEcRHszBoonAitk"
        }, {
          "placeId": "ChIJU4z-6uZugEcRDUQk0M9alQ0"
        }, {
          "placeId": "ChIJ9bmo7uZugEcRk4ayAotz06w"
        }, {
          "placeId": "ChIJWTT37uZugEcRe4gx5KmHL3k"
        }, {
          "placeId": "ChIJd1nB7-ZugEcR8OcIhKR5ROM"
        }, {
          "placeId": "ChIJD3iX-uZugEcRii29exfjRZk"
        }, {
          "placeId": "ChIJt0otv-dugEcRbRHa23NOZpM"
        }, {
          "placeId": "ChIJl23elOdugEcRLbumlwQWCGI"
        }, {
          "placeId": "ChIJAXdRmudugEcR3yfBogfr938"
        }, {
          "placeId": "ChIJH11maedugEcRkslW41mx_X0"
        }, {
          "placeId": "ChIJGdrbyuBugEcRSdL7hBvpylA"
        }],
        "distanceMeters": 4589.719015954979,
        "travelMode": "DRIVE",
        "confidence": 0.0
      },
      "parkingEvent": {
        "location": {
          "latitudeE7": 447477962,
          "longitudeE7": 102021083,
          "accuracyMetres": 77
        },
        "method": "END_OF_ACTIVITY_SEGMENT",
        "locationSource": "UNKNOWN",
        "timestamp": "2020-04-29T15:22:06.581Z"
      }
    }
  }, {
    "placeVisit": {
      "location": {
        "latitudeE7": 447477303,
        "longitudeE7": 102021551,
        "placeId": "ChIJbZrGNudugEcRMAy8b2zEugA",
        "address": "Via 8 Marzo, 75, 43044 Collecchio, Provincia di Parma, Italia",
        "name": "Via 8 Marzo, 75",
        "sourceInfo": {
          "deviceTag": -163734352
        },
        "locationConfidence": 83.66447,
        "calibratedProbability": 72.088066
      },
      "duration": {
        "startTimestamp": "2020-04-29T15:20:35.010Z",
        "endTimestamp": "2020-05-02T13:05:04.837Z"
      },
      "placeConfidence": "HIGH_CONFIDENCE",
      "centerLatE7": 447477523,
      "centerLngE7": 102021448,
      "visitConfidence": 94,
      "otherCandidateLocations": [{
        "latitudeE7": 447476217,
        "longitudeE7": 102022373,
        "placeId": "ChIJ22aINOdugEcRQJhgdN1lMxY",
        "address": "Via 8 Marzo, 77\n43044 Collecchio PR\nItalia",
        "name": "Autofficina Lori",
        "locationConfidence": 13.165251,
        "calibratedProbability": 11.343615
      }, {
        "latitudeE7": 447485647,
        "longitudeE7": 102052604,
        "placeId": "ChIJsz9rgOdugEcR6eG8GrE0hwc",
        "address": "43044 Collecchio PR\nItalia",
        "name": "Collecchio Via Otto Marzo",
        "locationConfidence": 1.2583286,
        "calibratedProbability": 1.0842174
      }, {
        "latitudeE7": 447468030,
        "longitudeE7": 102054612,
        "placeId": "ChIJQRMPsudugEcR-VznVUL8cmY",
        "address": "43044 Collecchio PR\nItalia",
        "name": "Collecchio Conventino",
        "locationConfidence": 0.50206697,
        "calibratedProbability": 0.43259746
      }, {
        "latitudeE7": 447478363,
        "longitudeE7": 102031202,
        "placeId": "ChIJKctoR-dugEcR3xaPqqLuDUI",
        "address": "Via 8 Marzo, 41\n43044 Collecchio PR\nItalia",
        "name": "Parcheggio Alpini",
        "locationConfidence": 0.4026148,
        "calibratedProbability": 0.34690621
      }],
      "editConfirmationStatus": "NOT_CONFIRMED",
      "locationConfidence": 68,
      "placeVisitType": "SINGLE_PLACE",
      "placeVisitImportance": "MAIN"
    }
  }]
}