{
  "type" : "FeatureCollection",
  "features" : [ {
    "geometry" : {
      "coordinates" : [ 10.1812501, 44.8139471 ],
      "type" : "Point"
    },
    "properties" : {
      "Google Maps URL" : "https://www.google.com/maps/place//data=!4m2!3m1!1s0x0:0xf92da415944146f",
      "Location" : {
        "Address" : "Via Giacomo Matteotti, 70, 43015 Noceto PR, Itália",
        "Business Name" : "Noceto",
        "Geo Coordinates" : {
          "Latitude" : "44.8139471",
          "Longitude" : "10.1812501"
        }
      },
      "Published" : "2021-07-12T08:20:22.016122Z",
      "Star Rating" : 4
    },
    "type" : "Feature"
  }, {
    "geometry" : {
      "coordinates" : [ 12.4978771, 41.8815383 ],
      "type" : "Point"
    },
    "properties" : {
      "Google Maps URL" : "https://www.google.com/maps/place//data=!4m2!3m1!1s0x0:0x7ade938293dee54f",
      "Location" : {
        "Address" : "Via Druso, 39, 00184 Roma RM, Itália",
        "Business Name" : "Embaixada da República de Angola na Itália",
        "Country Code" : "IT",
        "Geo Coordinates" : {
          "Latitude" : "41.8815383",
          "Longitude" : "12.4978771"
        }
      },
      "Published" : "2020-06-30T13:39:53.976039Z",
      "Star Rating" : 5
    },
    "type" : "Feature"
  }, {
    "geometry" : {
      "coordinates" : [ 10.3010401, 44.7957979 ],
      "type" : "Point"
    },
    "properties" : {
      "Google Maps URL" : "https://www.google.com/maps/place//data=!4m2!3m1!1s0x0:0xf6fd5cc5e88276eb",
      "Location" : {
        "Address" : "Via Roberto Rossellini, 3, 43125 Parma PR, Itália",
        "Business Name" : "Residenza universitaria ER.GO \"Volturno\"",
        "Geo Coordinates" : {
          "Latitude" : "44.7957979",
          "Longitude" : "10.3010401"
        }
      },
      "Published" : "2019-12-31T10:35:54.890832Z",
      "Star Rating" : 5
    },
    "type" : "Feature"
  }, {
    "geometry" : {
      "coordinates" : [ 10.3171518, 44.8037276 ],
      "type" : "Point"
    },
    "properties" : {
      "Google Maps URL" : "https://www.google.com/maps/place//data=!4m2!3m1!1s0x0:0xfbf732c7ec9b4f16",
      "Location" : {
        "Address" : "81, Strada Massimo D'Azeglio, 51, Parma, Itália",
        "Business Name" : "Nuova bruschetta due",
        "Country Code" : "IT",
        "Geo Coordinates" : {
          "Latitude" : "44.8037276",
          "Longitude" : "10.3171518"
        }
      },
      "Published" : "2019-08-27T12:34:15.472642Z",
      "Star Rating" : 4
    },
    "type" : "Feature"
  } ]
}